id,568309,568307,568314,568229,568316,568317,568318,
###START_METADATA###
latitude,-34.479421,-34.450693,-34.444109,-34.398015,-34.479004,-34.351047,-34.358048,
longitude,150.79439,150.765423,150.818173,150.857178,150.894412,150.882888,150.894627,
name,Darkes Road (Live),Dombarton Loop (Live),Mount Kembla (Live),Mt Pleasant (Live),Port Kembla (Live),Rixons Pass (Live),Russell Vale (Live),
###START_DATA###
1998-08-17 00:35,,,,,,0.5,,
1998-08-17 00:40,,,,,,2.0,1.0,
1998-08-17 00:45,,,,,,0.5,0.5,
1998-08-17 01:05,,0.5,,,,,,
1998-08-17 01:10,,,,,,,0.5,
1998-08-17 01:19,,,,0.5,,,,
1998-08-17 01:20,,0.5,,,,0.5,,
1998-08-17 01:25,,,0.5,,,0.5,0.5,
1998-08-17 01:30,,1.5,1.5,,,,,
1998-08-17 01:35,,1.0,,,,0.5,,
1998-08-17 01:40,,1.0,0.5,,0.5,,,
1998-08-17 01:45,,0.5,,,,,,
1998-08-17 01:50,,,1.5,,,,,
1998-08-17 01:51,,,,0.5,,,,
1998-08-17 01:55,,0.5,,,,,,
1998-08-17 01:56,0.5,,,,,,,
1998-08-17 02:00,,0.5,,,,,,
1998-08-17 02:06,0.5,,,,,,,
1998-08-17 02:27,,,,0.5,,,,
1998-08-17 02:32,1.0,,,,,,,
1998-08-17 02:35,,,0.5,,,,,
1998-08-17 02:40,,2.0,,,,,,
1998-08-17 02:45,,0.5,,,,,,
1998-08-17 02:50,,,,,0.5,0.5,,
1998-08-17 02:55,,1.0,0.5,,,0.5,0.5,
1998-08-17 03:00,,,,,1.0,,,
1998-08-17 03:05,0.5,,0.5,,,0.5,,
1998-08-17 03:07,,,,0.5,,,,
1998-08-17 03:10,,1.0,1.0,,2.5,1.0,0.5,
1998-08-17 03:13,0.5,,,,,,,
1998-08-17 03:15,,0.5,0.5,,1.5,1.0,1.0,
1998-08-17 03:20,0.5,1.0,2.0,,0.5,0.5,,
1998-08-17 03:22,0.5,,,,,,,
1998-08-17 03:23,0.5,,,,,,,
1998-08-17 03:24,0.5,,,,,,,
1998-08-17 03:25,,1.5,0.5,,,0.5,,
1998-08-17 03:26,0.5,,,,,,,
1998-08-17 03:27,0.5,,,,,,,
1998-08-17 03:28,0.5,,,,,,,
1998-08-17 03:30,,0.5,0.5,,,,,
1998-08-17 03:35,,0.5,,,0.5,,,
1998-08-17 03:36,0.5,,,,,,,
1998-08-17 03:40,,,,,0.5,,,
1998-08-17 03:42,,,,0.5,,,,
1998-08-17 03:45,,0.5,0.5,,,,,
1998-08-17 03:50,,,,,0.5,,,
1998-08-17 03:55,0.5,,,,,,,
1998-08-17 03:59,0.5,,,,,,,
1998-08-17 04:00,,,,,,0.5,0.5,
1998-08-17 04:05,,,,,,0.5,,
1998-08-17 04:15,,,,,,,0.5,
1998-08-17 04:17,0.5,,,,,,,
1998-08-17 04:18,,,,0.5,,,,
1998-08-17 04:20,,1.0,,,,,,
1998-08-17 04:25,,0.5,0.5,,,,,
1998-08-17 04:30,,0.5,,,,0.5,,
1998-08-17 04:35,,,,,0.5,,,
1998-08-17 04:39,0.5,,,,,,,
1998-08-17 04:40,,,0.5,,0.5,0.5,,
1998-08-17 04:45,,0.5,,,0.5,,,
1998-08-17 04:50,0.5,,,,,0.5,0.5,
1998-08-17 04:54,0.5,,,,,,,
1998-08-17 04:55,,,0.5,0.5,0.5,0.5,,
1998-08-17 04:58,0.5,,,,,,,
1998-08-17 05:00,,1.5,1.0,,0.5,,,
1998-08-17 05:03,0.5,,,,,,,
1998-08-17 05:05,,0.5,1.0,,,0.5,0.5,
1998-08-17 05:08,0.5,,,,,,,
1998-08-17 05:10,0.5,1.5,0.5,,,,,
1998-08-17 05:15,,,,,0.5,,0.5,
1998-08-17 05:20,,0.5,1.0,,1.0,,,
1998-08-17 05:21,0.5,,,,,,,
1998-08-17 05:25,,1.0,0.5,,,0.5,,
1998-08-17 05:28,0.5,,,,,,,
1998-08-17 05:30,,1.0,,,,0.5,,
1998-08-17 05:31,0.5,,,0.5,,,,
1998-08-17 05:32,0.5,,,,,,,
1998-08-17 05:33,0.5,,,,,,,
1998-08-17 05:35,,0.5,,,,,,
1998-08-17 05:36,0.5,,,,,,,
1998-08-17 05:45,,,,,,,0.5,
1998-08-17 05:50,,,0.5,,0.5,0.5,,
1998-08-17 05:55,,0.5,,,,,,
1998-08-17 06:05,,,,,0.5,,,
1998-08-17 06:06,,,,0.5,,,,
1998-08-17 06:10,,1.0,0.5,,,,,
1998-08-17 06:11,0.5,,,,,,,
1998-08-17 06:13,0.5,,,,,,,
1998-08-17 06:30,,0.5,,,,0.5,,
1998-08-17 06:35,,,,,,0.5,,
1998-08-17 06:40,,,,,0.5,,0.5,
1998-08-17 06:43,,,,0.5,,,,
1998-08-17 06:45,,,,,,0.5,,
1998-08-17 06:50,,,0.5,,0.5,,0.5,
1998-08-17 06:55,,,,,,0.5,,
1998-08-17 07:05,,,,,0.5,,0.5,
1998-08-17 07:10,,,,,,0.5,,
1998-08-17 07:15,,,,,,0.5,0.5,
1998-08-17 07:20,,0.5,0.5,,,0.5,,
1998-08-17 07:23,,,,0.5,,,,
1998-08-17 07:24,0.5,,,,,,,
1998-08-17 07:25,,,,,0.5,0.5,1.0,
1998-08-17 07:30,,0.5,0.5,,,,,
1998-08-17 07:35,,0.5,,,0.5,0.5,0.5,
1998-08-17 07:38,0.5,,,,,,,
1998-08-17 07:40,,0.5,0.5,,0.5,0.5,0.5,
1998-08-17 07:45,,0.5,0.5,,0.5,0.5,,
1998-08-17 07:49,0.5,,,,,,,
1998-08-17 07:50,,0.5,1.0,,0.5,0.5,1.0,
1998-08-17 07:52,0.5,,,,,,,
1998-08-17 07:55,,1.0,0.5,,0.5,0.5,1.0,
1998-08-17 07:58,0.5,,,,,,,
1998-08-17 08:00,,1.0,1.0,,0.5,1.0,0.5,
1998-08-17 08:01,0.5,,,,,,,
1998-08-17 08:03,,,,0.5,,,,
1998-08-17 08:05,0.5,0.5,,,0.5,1.0,0.5,
1998-08-17 08:10,,1.0,0.5,,1.5,0.5,0.5,
1998-08-17 08:12,0.5,,,,,,,
1998-08-17 08:15,,1.0,0.5,,0.5,1.5,0.5,
1998-08-17 08:20,,0.5,,,0.5,0.5,1.0,
1998-08-17 08:23,0.5,,,,,,,
1998-08-17 08:25,0.5,,0.5,,1.0,2.5,1.5,
1998-08-17 08:27,0.5,,,,,,,
1998-08-17 08:30,,1.0,1.0,,1.0,2.0,2.0,
1998-08-17 08:31,0.5,,,,,,,
1998-08-17 08:35,,1.0,1.0,,0.5,1.0,1.5,
1998-08-17 08:36,0.5,,,,,,,
1998-08-17 08:37,,,,0.5,,,,
1998-08-17 08:39,0.5,,,,,,,
1998-08-17 08:40,,2.0,1.5,,1.0,1.5,0.5,
1998-08-17 08:42,0.5,,,,,,,
1998-08-17 08:45,0.5,1.0,0.5,,0.5,1.5,1.5,
1998-08-17 08:49,0.5,,,,,,,
1998-08-17 08:50,,1.0,1.0,,0.5,1.0,1.0,
1998-08-17 08:51,0.5,,,,,,,
1998-08-17 08:54,0.5,,,,,,,
1998-08-17 08:55,,1.5,1.0,,1.0,1.0,0.5,
1998-08-17 08:57,0.5,,,,,,,
1998-08-17 09:00,,1.0,0.5,,1.0,1.0,1.0,
1998-08-17 09:01,0.5,,,,,,,
1998-08-17 09:03,0.5,,,,,,,
1998-08-17 09:05,,1.0,1.0,,1.0,0.5,0.5,
1998-08-17 09:08,0.5,,,0.5,,,,
1998-08-17 09:10,,1.0,1.0,,0.5,1.0,1.0,
1998-08-17 09:11,0.5,,,,,,,
1998-08-17 09:15,0.5,1.0,0.5,,1.0,0.5,0.5,
1998-08-17 09:19,0.5,,,,,,,
1998-08-17 09:20,,1.0,0.5,,0.5,0.5,,
1998-08-17 09:24,0.5,,,,,,,
1998-08-17 09:25,,0.5,1.0,,0.5,1.0,0.5,
1998-08-17 09:27,0.5,,,,,,,
1998-08-17 09:30,,0.5,0.5,,1.0,1.0,1.0,
1998-08-17 09:32,0.5,,,,,,,
1998-08-17 09:34,,,,0.5,,,,
1998-08-17 09:35,0.5,1.0,0.5,,1.0,1.5,1.5,
1998-08-17 09:39,0.5,,,,,,,
1998-08-17 09:40,,1.0,1.0,,0.5,1.0,1.0,
1998-08-17 09:41,,,,0.5,,,,
1998-08-17 09:42,0.5,,,,,,,
1998-08-17 09:45,,0.5,0.5,0.5,0.5,1.5,1.0,
1998-08-17 09:46,0.5,,,,,,,
1998-08-17 09:49,0.5,,,0.5,,,,
1998-08-17 09:50,,1.0,1.0,,0.5,0.5,0.5,
1998-08-17 09:52,0.5,,,,,,,
1998-08-17 09:53,,,,0.5,,,,
1998-08-17 09:55,0.5,1.5,1.0,,1.0,0.5,,
1998-08-17 09:57,,,,0.5,,,,
1998-08-17 09:58,0.5,,,,,,,
1998-08-17 10:00,,1.5,3.0,,0.5,2.5,1.5,
1998-08-17 10:01,0.5,,,0.5,,,,
1998-08-17 10:02,0.5,,,,,,,
1998-08-17 10:04,0.5,,,,,,,
1998-08-17 10:05,,1.5,1.0,0.5,1.0,0.5,1.0,
1998-08-17 10:06,0.5,,,,,,,
1998-08-17 10:08,0.5,,,,,,,
1998-08-17 10:09,0.5,,,0.5,,,,
1998-08-17 10:10,0.5,1.0,1.5,,0.5,1.0,0.5,
1998-08-17 10:11,0.5,,,,,,,
1998-08-17 10:12,0.5,,,,,,,
1998-08-17 10:13,,,,0.5,,,,
1998-08-17 10:14,1.0,,,,,,,
1998-08-17 10:15,,1.0,0.5,,1.0,1.5,1.0,
1998-08-17 10:16,0.5,,,,,,,
1998-08-17 10:17,,,,0.5,,,,
1998-08-17 10:19,0.5,,,,,,,
1998-08-17 10:20,,0.5,0.5,,0.5,1.5,0.5,
1998-08-17 10:21,,,,0.5,,,,
1998-08-17 10:23,0.5,,,,,,,
1998-08-17 10:25,0.5,1.0,1.0,0.5,0.5,0.5,1.0,
1998-08-17 10:29,,,,0.5,,,,
1998-08-17 10:30,,1.0,1.0,,0.5,1.0,0.5,
1998-08-17 10:31,0.5,,,,,,,
1998-08-17 10:33,,,,0.5,,,,
1998-08-17 10:34,0.5,,,,,,,
1998-08-17 10:35,,1.0,1.0,,0.5,0.5,0.5,
1998-08-17 10:37,0.5,,,0.5,,,,
1998-08-17 10:40,,1.0,,,1.5,2.0,1.0,
1998-08-17 10:41,,,,0.5,,,,
1998-08-17 10:45,0.5,1.0,1.0,0.5,0.5,0.5,0.5,
1998-08-17 10:47,0.5,,,,,,,
1998-08-17 10:48,,,,0.5,,,,
1998-08-17 10:50,0.5,3.0,1.5,,1.0,1.5,0.5,
1998-08-17 10:52,,,,0.5,,,,
1998-08-17 10:53,0.5,,,,,,,
1998-08-17 10:55,,2.0,0.5,,0.5,1.0,1.5,
1998-08-17 10:56,0.5,,,0.5,,,,
1998-08-17 11:00,0.5,1.0,0.5,0.5,0.5,1.5,0.5,
1998-08-17 11:03,0.5,,,,,,,
1998-08-17 11:04,,,,0.5,,,,
1998-08-17 11:05,,0.5,0.5,,1.5,1.5,1.0,
1998-08-17 11:07,,,,0.5,,,,
1998-08-17 11:08,0.5,,,,,,,
1998-08-17 11:10,,1.0,1.5,,1.0,1.5,1.0,
1998-08-17 11:11,,,,0.5,,,,
1998-08-17 11:12,0.5,,,,,,,
1998-08-17 11:14,0.5,,,,,,,
1998-08-17 11:15,,1.0,1.5,0.5,0.5,2.5,1.0,
1998-08-17 11:16,0.5,,,,,,,
1998-08-17 11:18,0.5,,,,,,,
1998-08-17 11:19,,,,0.5,,,,
1998-08-17 11:20,0.5,1.0,1.0,,0.5,1.0,1.5,
1998-08-17 11:23,,,,0.5,,,,
1998-08-17 11:24,0.5,,,,,,,
1998-08-17 11:25,,0.5,1.0,,0.5,3.0,1.5,
1998-08-17 11:27,0.5,,,0.5,,,,
1998-08-17 11:30,0.5,3.0,1.5,,1.0,1.0,3.0,
1998-08-17 11:31,,,,0.5,,,,
1998-08-17 11:32,0.5,,,,,,,
1998-08-17 11:34,0.5,,,0.5,,,,
1998-08-17 11:35,,1.5,1.0,,0.5,1.0,1.0,
1998-08-17 11:37,0.5,,,0.5,,,,
1998-08-17 11:39,0.5,,,,,,,
1998-08-17 11:40,,2.0,1.0,0.5,0.5,0.5,0.5,
1998-08-17 11:43,,,,0.5,,,,
1998-08-17 11:44,0.5,,,,,,,
1998-08-17 11:45,,3.0,1.0,,,0.5,1.0,
1998-08-17 11:46,,,,0.5,,,,
1998-08-17 11:48,0.5,,,,,,,
1998-08-17 11:49,,,,0.5,,,,
1998-08-17 11:50,,2.5,0.5,,0.5,1.0,1.5,
1998-08-17 11:51,,,,0.5,,,,
1998-08-17 11:53,0.5,,,,,,,
1998-08-17 11:54,,,,0.5,,,,
1998-08-17 11:55,,1.5,1.0,,0.5,0.5,0.5,
1998-08-17 11:57,,,,0.5,,,,
1998-08-17 12:00,,1.0,1.0,0.5,,1.5,1.0,
1998-08-17 12:03,,,,0.5,,,,
1998-08-17 12:04,0.5,,,,,,,
1998-08-17 12:05,,1.5,0.5,,1.0,1.5,1.5,
1998-08-17 12:06,,,,0.5,,,,
1998-08-17 12:08,0.5,,,0.5,,,,
1998-08-17 12:10,,0.5,0.5,,0.5,4.5,1.0,
1998-08-17 12:11,,,,0.5,,,,
1998-08-17 12:12,0.5,,,,,,,
1998-08-17 12:14,,,,0.5,,,,
1998-08-17 12:15,,1.5,1.5,,1.0,4.0,3.5,
1998-08-17 12:17,0.5,,,0.5,,,,
1998-08-17 12:19,,,,0.5,,,,
1998-08-17 12:20,0.5,2.5,2.0,,,2.0,2.5,
1998-08-17 12:22,,,,0.5,,,,
1998-08-17 12:24,0.5,,,,,,,
1998-08-17 12:25,,2.0,2.0,0.5,0.5,1.0,1.5,
1998-08-17 12:27,,,,0.5,,,,
1998-08-17 12:28,0.5,,,,,,,
1998-08-17 12:29,0.5,,,,,,,
1998-08-17 12:30,,3.0,5.0,0.5,0.5,2.0,1.5,
1998-08-17 12:31,0.5,,,,,,,
1998-08-17 12:32,0.5,,,0.5,,,,
1998-08-17 12:33,0.5,,,,,,,
1998-08-17 12:34,0.5,,,,,,,
1998-08-17 12:35,1.0,4.0,6.5,0.5,1.0,2.0,1.5,
1998-08-17 12:37,0.5,,,0.5,,,,
1998-08-17 12:38,0.5,,,,,,,
1998-08-17 12:39,0.5,,,,,,,
1998-08-17 12:40,,3.5,3.0,0.5,1.0,4.0,2.5,
1998-08-17 12:42,0.5,,,0.5,,,,
1998-08-17 12:44,0.5,,,,,,,
1998-08-17 12:45,0.5,2.5,3.0,0.5,0.5,1.0,2.0,
1998-08-17 12:46,0.5,,,,,,,
1998-08-17 12:47,0.5,,,0.5,,,,
1998-08-17 12:49,0.5,,,,,,,
1998-08-17 12:50,0.5,3.0,2.0,0.5,0.5,1.5,0.5,
1998-08-17 12:52,,,,0.5,,,,
1998-08-17 12:53,1.0,,,,,,,
1998-08-17 12:54,0.5,,,,,,,
1998-08-17 12:55,0.5,3.0,2.0,0.5,0.5,1.0,0.5,
1998-08-17 12:56,0.5,,,,,,,
1998-08-17 12:57,0.5,,,,,,,
1998-08-17 12:58,,,,0.5,,,,
1998-08-17 12:59,0.5,,,,,,,
1998-08-17 13:00,0.5,4.0,1.5,0.5,,2.0,0.5,
1998-08-17 13:02,0.5,,,,,,,
1998-08-17 13:03,1.0,,,0.5,,,,
1998-08-17 13:04,0.5,,,,,,,
1998-08-17 13:05,,4.0,1.5,,0.5,0.5,,
1998-08-17 13:06,0.5,,,0.5,,,,
1998-08-17 13:07,0.5,,,,,,,
1998-08-17 13:08,,,,0.5,,,,
1998-08-17 13:09,0.5,,,,,,,
1998-08-17 13:10,,4.5,2.0,,,0.5,0.5,
1998-08-17 13:11,0.5,,,0.5,,,,
1998-08-17 13:14,0.5,,,0.5,,,,
1998-08-17 13:15,,4.5,1.0,,,,,
1998-08-17 13:16,0.5,,,0.5,,,,
1998-08-17 13:19,,,,0.5,,,,
1998-08-17 13:20,,6.0,1.0,,0.5,0.5,0.5,
1998-08-17 13:21,,,,0.5,,,,
1998-08-17 13:23,0.5,,,,,,,
1998-08-17 13:24,,,,0.5,,,,
1998-08-17 13:25,,8.0,,,,,,
1998-08-17 13:27,,,,0.5,,,,
1998-08-17 13:29,,,,0.5,,,,
1998-08-17 13:30,,3.0,,,0.5,0.5,,
1998-08-17 13:32,,,,0.5,,,,
1998-08-17 13:35,0.5,1.0,,0.5,0.5,0.5,0.5,
1998-08-17 13:37,,,,0.5,,,,
1998-08-17 13:40,,1.0,0.5,0.5,,,,
1998-08-17 13:42,0.5,,,,,,,
1998-08-17 13:43,,,,0.5,,,,
1998-08-17 13:45,,1.0,0.5,0.5,1.0,0.5,0.5,
1998-08-17 13:48,,,,0.5,,,,
1998-08-17 13:49,0.5,,,,,,,
1998-08-17 13:50,,1.0,,0.5,0.5,0.5,0.5,
1998-08-17 13:53,,,,0.5,,,,
1998-08-17 13:55,,1.0,0.5,,0.5,0.5,0.5,
1998-08-17 13:56,,,,0.5,,,,
1998-08-17 13:58,0.5,,,,,,,
1998-08-17 13:59,,,,0.5,,,,
1998-08-17 14:00,,1.0,0.5,,0.5,1.0,,
1998-08-17 14:01,,,,0.5,,,,
1998-08-17 14:04,,,,0.5,,,,
1998-08-17 14:05,,0.5,0.5,,0.5,2.0,1.0,
1998-08-17 14:06,0.5,,,,,,,
1998-08-17 14:07,,,,0.5,,,,
1998-08-17 14:09,,,,0.5,,,,
1998-08-17 14:10,,0.5,0.5,,0.5,1.0,0.5,
1998-08-17 14:12,,,,0.5,,,,
1998-08-17 14:15,,1.0,,0.5,1.0,1.5,1.0,
1998-08-17 14:16,0.5,,,,,,,
1998-08-17 14:17,,,,0.5,,,,
1998-08-17 14:20,,0.5,0.5,0.5,,1.0,0.5,
1998-08-17 14:22,,,,0.5,,,,
1998-08-17 14:23,0.5,,,,,,,
1998-08-17 14:25,,1.0,1.0,0.5,0.5,2.0,0.5,
1998-08-17 14:27,,,,0.5,,,,
1998-08-17 14:30,,0.5,0.5,0.5,0.5,1.0,1.0,
1998-08-17 14:31,0.5,,,,,,,
1998-08-17 14:33,,,,0.5,,,,
1998-08-17 14:35,,1.0,0.5,0.5,0.5,1.0,0.5,
1998-08-17 14:36,0.5,,,,,,,
1998-08-17 14:38,,,,0.5,,,,
1998-08-17 14:40,0.5,1.0,1.0,,0.5,1.0,1.0,
1998-08-17 14:41,,,,0.5,,,,
1998-08-17 14:43,,,,0.5,,,,
1998-08-17 14:44,0.5,,,,,,,
1998-08-17 14:45,,1.5,0.5,,1.0,0.5,,
1998-08-17 14:46,,,,0.5,,,,
1998-08-17 14:48,0.5,,,,,,,
1998-08-17 14:49,,,,0.5,,,,
1998-08-17 14:50,0.5,0.5,1.0,,0.5,2.0,1.5,
1998-08-17 14:51,,,,0.5,,,,
1998-08-17 14:54,,,,0.5,,,,
1998-08-17 14:55,,1.0,,,1.0,2.0,1.5,
1998-08-17 14:56,,,,0.5,,,,
1998-08-17 14:58,0.5,,,,,,,
1998-08-17 14:59,,,,0.5,,,,
1998-08-17 15:00,,0.5,0.5,,0.5,1.5,1.5,
1998-08-17 15:02,,,,0.5,,,,
1998-08-17 15:03,0.5,,,,,,,
1998-08-17 15:04,,,,0.5,,,,
1998-08-17 15:05,,1.0,3.5,,0.5,2.0,2.0,
1998-08-17 15:07,,,,0.5,,,,
1998-08-17 15:09,0.5,,,,,,,
1998-08-17 15:10,,2.5,1.5,0.5,0.5,5.5,2.5,
1998-08-17 15:12,0.5,,,0.5,,,,
1998-08-17 15:15,,3.0,2.5,0.5,0.5,6.0,4.5,
1998-08-17 15:17,0.5,,,,,,,
1998-08-17 15:18,,,,0.5,,,,
1998-08-17 15:19,0.5,,,,,,,
1998-08-17 15:20,0.5,4.0,2.5,0.5,0.5,7.0,5.5,
1998-08-17 15:22,0.5,,,,,,,
1998-08-17 15:23,,,,0.5,,,,
1998-08-17 15:24,0.5,,,,,,,
1998-08-17 15:25,0.5,3.5,3.5,,,11.0,4.0,
1998-08-17 15:26,,,,0.5,,,,
1998-08-17 15:28,0.5,,,0.5,,,,
1998-08-17 15:29,0.5,,,,,,,
1998-08-17 15:30,,4.5,1.5,,1.0,4.5,3.5,
1998-08-17 15:31,,,,0.5,,,,
1998-08-17 15:32,0.5,,,,,,,
1998-08-17 15:33,,,,0.5,,,,
1998-08-17 15:34,0.5,,,,,,,
1998-08-17 15:35,,4.0,0.5,,,3.5,0.5,
1998-08-17 15:36,0.5,,,0.5,,,,
1998-08-17 15:38,0.5,,,,,,,
1998-08-17 15:39,,,,0.5,,,,
1998-08-17 15:40,,5.0,1.5,,0.5,1.5,,
1998-08-17 15:41,0.5,,,0.5,,,,
1998-08-17 15:43,0.5,,,,,,,
1998-08-17 15:44,,,,0.5,,,,
1998-08-17 15:45,,4.5,0.5,,0.5,1.0,0.5,
1998-08-17 15:47,0.5,,,0.5,,,,
1998-08-17 15:49,,,,0.5,,,,
1998-08-17 15:50,,2.5,0.5,,0.5,0.5,0.5,
1998-08-17 15:51,0.5,,,,,,,
1998-08-17 15:52,,,,0.5,,,,
1998-08-17 15:53,0.5,,,,,,,
1998-08-17 15:54,,,,0.5,,,,
1998-08-17 15:55,,2.0,1.0,,0.5,1.0,,
1998-08-17 15:57,,,,0.5,,,,
1998-08-17 15:59,,,,0.5,,,,
1998-08-17 16:00,0.5,2.5,0.5,,0.5,1.0,0.5,
1998-08-17 16:02,,,,0.5,,,,
1998-08-17 16:04,,,,0.5,,,,
1998-08-17 16:05,0.5,1.0,0.5,,0.5,1.0,0.5,
1998-08-17 16:07,,,,0.5,,,,
1998-08-17 16:10,,1.0,,0.5,0.5,1.0,0.5,
1998-08-17 16:12,0.5,,,0.5,,,,
1998-08-17 16:15,,1.0,1.0,0.5,0.5,1.0,0.5,
1998-08-17 16:16,0.5,,,,,,,
1998-08-17 16:17,,,,0.5,,,,
1998-08-17 16:18,0.5,,,,,,,
1998-08-17 16:20,,0.5,0.5,0.5,1.0,0.5,1.0,
1998-08-17 16:23,0.5,,,0.5,,,,
1998-08-17 16:25,,1.0,0.5,0.5,0.5,0.5,0.5,
1998-08-17 16:28,0.5,,,0.5,,,,
1998-08-17 16:30,,0.5,0.5,0.5,0.5,0.5,,
1998-08-17 16:33,0.5,,,0.5,,,,
1998-08-17 16:35,,1.0,0.5,,1.0,1.0,1.0,
1998-08-17 16:36,0.5,,,0.5,,,,
1998-08-17 16:38,,,,0.5,,,,
1998-08-17 16:40,,1.0,0.5,,0.5,0.5,0.5,
1998-08-17 16:41,,,,0.5,,,,
1998-08-17 16:42,0.5,,,,,,,
1998-08-17 16:43,,,,0.5,,,,
1998-08-17 16:45,,0.5,0.5,,1.0,0.5,,
1998-08-17 16:46,,,,0.5,,,,
1998-08-17 16:48,0.5,,,,,,,
1998-08-17 16:49,,,,0.5,,,,
1998-08-17 16:50,,0.5,1.0,,1.0,1.5,1.0,
1998-08-17 16:51,0.5,,,0.5,,,,
1998-08-17 16:54,0.5,,,0.5,,,,
1998-08-17 16:55,,1.0,1.0,,1.0,1.5,1.0,
1998-08-17 16:56,,,,0.5,,,,
1998-08-17 16:59,,,,0.5,,,,
1998-08-17 17:00,0.5,1.0,1.0,,1.0,1.5,1.0,
1998-08-17 17:02,,,,0.5,,,,
1998-08-17 17:04,0.5,,,0.5,,,,
1998-08-17 17:05,,1.0,1.0,,1.0,1.0,0.5,
1998-08-17 17:07,,,,0.5,,,,
1998-08-17 17:08,0.5,,,,,,,
1998-08-17 17:10,,1.0,1.0,0.5,1.5,1.0,1.5,
1998-08-17 17:12,0.5,,,0.5,,,,
1998-08-17 17:14,0.5,,,,,,,
1998-08-17 17:15,,0.5,2.0,0.5,,3.0,2.0,
1998-08-17 17:18,0.5,,,0.5,,,,
1998-08-17 17:20,0.5,1.5,0.5,0.5,0.5,3.0,2.0,
1998-08-17 17:23,0.5,,,0.5,,,,
1998-08-17 17:25,0.5,1.5,1.0,,1.0,3.0,2.5,
1998-08-17 17:26,,,,0.5,,,,
1998-08-17 17:28,,,,0.5,,,,
1998-08-17 17:30,0.5,1.0,0.5,,,4.5,2.5,
1998-08-17 17:31,,,,0.5,,,,
1998-08-17 17:34,0.5,,,0.5,,,,
1998-08-17 17:35,,1.0,1.0,,0.5,5.5,3.0,
1998-08-17 17:36,,,,0.5,,,,
1998-08-17 17:38,0.5,,,,,,,
1998-08-17 17:39,,,,0.5,,,,
1998-08-17 17:40,,1.0,1.5,,0.5,5.0,4.5,
1998-08-17 17:41,0.5,,,,,,,
1998-08-17 17:42,,,,0.5,,,,
1998-08-17 17:44,,,,0.5,,,,
1998-08-17 17:45,0.5,0.5,1.0,,1.0,8.0,2.5,
1998-08-17 17:47,,,,0.5,,,,
1998-08-17 17:49,0.5,,,,,,,
1998-08-17 17:50,,1.0,1.5,0.5,0.5,5.0,4.5,
1998-08-17 17:52,0.5,,,0.5,,,,
1998-08-17 17:55,,1.5,2.0,0.5,1.5,5.0,4.0,
1998-08-17 17:56,0.5,,,,,,,
1998-08-17 17:58,0.5,,,0.5,,,,
1998-08-17 18:00,,1.5,2.0,,1.0,4.5,3.0,
1998-08-17 18:01,0.5,,,0.5,,,,
1998-08-17 18:03,0.5,,,0.5,,,,
1998-08-17 18:04,0.5,,,,,,,
1998-08-17 18:05,0.5,2.0,2.5,,1.5,6.5,3.5,
1998-08-17 18:06,0.5,,,0.5,,,,
1998-08-17 18:07,0.5,,,,,,,
1998-08-17 18:08,0.5,,,,,,,
1998-08-17 18:09,,,,0.5,,,,
1998-08-17 18:10,,1.5,2.5,,1.0,5.0,3.0,
1998-08-17 18:11,0.5,,,0.5,,,,
1998-08-17 18:13,0.5,,,,,,,
1998-08-17 18:14,,,,0.5,,,,
1998-08-17 18:15,0.5,1.5,3.5,,2.5,2.5,1.0,
1998-08-17 18:17,0.5,,,0.5,,,,
1998-08-17 18:18,0.5,,,,,,,
1998-08-17 18:19,0.5,,,0.5,,,,
1998-08-17 18:20,,1.5,4.5,,1.0,2.0,0.5,
1998-08-17 18:21,0.5,,,,,,,
1998-08-17 18:22,0.5,,,0.5,,,,
1998-08-17 18:24,0.5,,,,,,,
1998-08-17 18:25,,2.5,4.5,0.5,,5.0,1.0,
1998-08-17 18:26,0.5,,,,,,,
1998-08-17 18:28,0.5,,,0.5,,,,
1998-08-17 18:29,0.5,,,,,,,
1998-08-17 18:30,,3.0,5.0,,0.5,6.5,0.5,
1998-08-17 18:31,0.5,,,0.5,,,,
1998-08-17 18:32,0.5,,,,,,,
1998-08-17 18:33,0.5,,,0.5,,,,
1998-08-17 18:34,1.0,,,,,,,
1998-08-17 18:35,0.5,2.0,4.0,,0.5,5.5,1.0,
1998-08-17 18:36,0.5,,,0.5,,,,
1998-08-17 18:37,0.5,,,,,,,
1998-08-17 18:38,0.5,,,,,,,
1998-08-17 18:39,0.5,,,0.5,,,,
1998-08-17 18:40,0.5,2.0,3.0,,2.0,12.0,1.5,
1998-08-17 18:41,0.5,,,,,,,
1998-08-17 18:42,0.5,,,0.5,,,,
1998-08-17 18:44,0.5,,,0.5,,,,
1998-08-17 18:45,0.5,2.5,4.0,,0.5,10.0,2.5,
1998-08-17 18:47,0.5,,,0.5,,,,
1998-08-17 18:48,0.5,,,,,,,
1998-08-17 18:50,0.5,3.0,3.0,0.5,0.5,10.5,2.5,
1998-08-17 18:51,0.5,,,,,,,
1998-08-17 18:53,0.5,,,0.5,,,,
1998-08-17 18:55,0.5,2.5,3.0,,,12.5,10.5,
1998-08-17 18:56,0.5,,,0.5,,,,
1998-08-17 18:57,0.5,,,,,,,
1998-08-17 18:58,,,,0.5,,,,
1998-08-17 18:59,0.5,,,,,,,
1998-08-17 19:00,0.5,2.0,6.0,,,9.5,5.5,
1998-08-17 19:01,0.5,,,0.5,,,,
1998-08-17 19:03,1.0,,,,,,,
1998-08-17 19:04,0.5,,,0.5,,,,
1998-08-17 19:05,0.5,2.5,5.5,,0.5,11.0,5.5,
1998-08-17 19:06,0.5,,,,,,,
1998-08-17 19:07,,,,0.5,,,,
1998-08-17 19:08,0.5,,,,,,,
1998-08-17 19:09,0.5,,,,,,,
1998-08-17 19:10,0.5,2.5,5.5,0.5,,11.5,9.0,
1998-08-17 19:11,0.5,,,,,,,
1998-08-17 19:12,,,,0.5,,,,
1998-08-17 19:13,1.0,,,,,,,
1998-08-17 19:14,0.5,,,,,,,
1998-08-17 19:15,0.5,2.5,5.5,0.5,0.5,12.0,10.5,
1998-08-17 19:16,0.5,,,,,,,
1998-08-17 19:17,0.5,,,,,,,
1998-08-17 19:18,0.5,,,0.5,,,,
1998-08-17 19:19,1.0,,,,,,,
1998-08-17 19:20,0.5,2.0,6.5,,0.5,12.5,11.0,
1998-08-17 19:21,0.5,,,0.5,,,,
1998-08-17 19:22,1.0,,,,,,,
1998-08-17 19:23,0.5,,,,,,,
1998-08-17 19:24,0.5,,,0.5,,,,
1998-08-17 19:25,0.5,3.5,5.0,,0.5,9.0,10.0,
1998-08-17 19:26,0.5,,,,,,,
1998-08-17 19:27,0.5,,,0.5,,,,
1998-08-17 19:28,0.5,,,,,,,
1998-08-17 19:29,0.5,,,,,,,
1998-08-17 19:30,1.0,2.0,7.5,0.5,,4.5,13.0,
1998-08-17 19:31,0.5,,,,,,,
1998-08-17 19:32,1.0,,,,,,,
1998-08-17 19:33,0.5,,,0.5,,,,
1998-08-17 19:34,1.0,,,,,,,
1998-08-17 19:35,1.0,1.0,7.5,,,2.0,14.5,
1998-08-17 19:36,1.0,,,0.5,,,,
1998-08-17 19:37,0.5,,,,,,,
1998-08-17 19:38,1.0,,,0.5,,,,
1998-08-17 19:39,0.5,,,,,,,
1998-08-17 19:40,0.5,1.5,5.0,,,2.0,3.5,
1998-08-17 19:41,0.5,,,0.5,,,,
1998-08-17 19:42,1.0,,,,,,,
1998-08-17 19:43,0.5,,,,,,,
1998-08-17 19:44,0.5,,,0.5,,,,
1998-08-17 19:45,,0.5,2.0,,,2.5,4.5,
1998-08-17 19:46,0.5,,,,,,,
1998-08-17 19:47,0.5,,,0.5,,,,
1998-08-17 19:49,0.5,,,,,,,
1998-08-17 19:50,,0.5,2.0,0.5,0.5,1.5,2.5,
1998-08-17 19:51,0.5,,,,,,,
1998-08-17 19:53,,,,0.5,,,,
1998-08-17 19:55,0.5,,1.5,,0.5,2.0,3.0,
1998-08-17 19:56,,,,0.5,,,,
1998-08-17 19:58,0.5,,,0.5,,,,
1998-08-17 20:00,,0.5,1.5,,1.5,2.5,4.5,
1998-08-17 20:01,0.5,,,0.5,,,,
1998-08-17 20:03,0.5,,,,,,,
1998-08-17 20:04,0.5,,,0.5,,,,
1998-08-17 20:05,0.5,2.0,1.5,,1.5,0.5,3.0,
1998-08-17 20:06,0.5,,,,,,,
1998-08-17 20:07,0.5,,,0.5,,,,
1998-08-17 20:09,0.5,,,,,,,
1998-08-17 20:10,1.0,1.0,1.0,0.5,2.0,1.0,0.5,
1998-08-17 20:12,0.5,,,,,,,
1998-08-17 20:13,0.5,,,0.5,,,,
1998-08-17 20:14,0.5,,,,,,,
1998-08-17 20:15,0.5,1.5,0.5,,1.0,0.5,0.5,
1998-08-17 20:16,0.5,,,,,,,
1998-08-17 20:17,0.5,,,0.5,,,,
1998-08-17 20:18,0.5,,,,,,,
1998-08-17 20:19,0.5,,,,,,,
1998-08-17 20:20,,1.5,1.0,0.5,0.5,0.5,0.5,
1998-08-17 20:22,0.5,,,,,,,
1998-08-17 20:23,0.5,,,,,,,
1998-08-17 20:24,0.5,,,0.5,,,,
1998-08-17 20:25,0.5,1.0,2.0,,0.5,1.5,0.5,
1998-08-17 20:27,,,,0.5,,,,
1998-08-17 20:30,0.5,0.5,,0.5,1.0,1.0,0.5,
1998-08-17 20:31,0.5,,,,,,,
1998-08-17 20:33,0.5,,,,,,,
1998-08-17 20:34,0.5,,,0.5,,,,
1998-08-17 20:35,1.0,1.0,0.5,,0.5,0.5,,
1998-08-17 20:37,,,,0.5,,,,
1998-08-17 20:38,0.5,,,,,,,
1998-08-17 20:40,,0.5,1.0,0.5,1.0,,0.5,
1998-08-17 20:43,0.5,,,0.5,,,,
1998-08-17 20:45,,,0.5,,1.0,1.0,,
1998-08-17 20:46,,,,0.5,,,,
1998-08-17 20:49,,,,0.5,,,,
1998-08-17 20:50,0.5,0.5,2.5,,1.0,2.0,1.0,
1998-08-17 20:52,,,,0.5,,,,
1998-08-17 20:53,0.5,,,,,,,
1998-08-17 20:55,,1.0,1.5,,0.5,3.0,1.0,
1998-08-17 20:56,,,,0.5,,,,
1998-08-17 20:57,0.5,,,,,,,
1998-08-17 20:59,,,,0.5,,,,
1998-08-17 21:00,0.5,1.0,1.0,,0.5,3.0,2.0,
1998-08-17 21:02,,,,0.5,,,,
1998-08-17 21:04,0.5,,,,,,,
1998-08-17 21:05,,1.0,1.0,0.5,1.0,3.0,2.5,
1998-08-17 21:07,0.5,,,,,,,
1998-08-17 21:08,,,,0.5,,,,
1998-08-17 21:10,,0.5,1.0,,1.0,4.5,3.0,
1998-08-17 21:11,0.5,,,,,,,
1998-08-17 21:12,,,,0.5,,,,
1998-08-17 21:14,0.5,,,,,,,
1998-08-17 21:15,,0.5,0.5,0.5,,1.5,1.5,
1998-08-17 21:17,0.5,,,,,,,
1998-08-17 21:18,,,,0.5,,,,
1998-08-17 21:20,,1.0,0.5,,1.0,1.0,0.5,
1998-08-17 21:21,,,,0.5,,,,
1998-08-17 21:22,0.5,,,,,,,
1998-08-17 21:24,,,,0.5,,,,
1998-08-17 21:25,,0.5,0.5,,1.0,0.5,0.5,
1998-08-17 21:26,0.5,,,,,,,
1998-08-17 21:27,,,,0.5,,,,
1998-08-17 21:30,,0.5,0.5,0.5,2.5,0.5,,
1998-08-17 21:33,0.5,,,0.5,,,,
1998-08-17 21:35,,0.5,0.5,,0.5,2.0,1.0,
1998-08-17 21:36,,,,0.5,,,,
1998-08-17 21:39,0.5,,,0.5,,,,
1998-08-17 21:40,,1.0,1.5,,0.5,2.5,1.5,
1998-08-17 21:42,,,,0.5,,,,
1998-08-17 21:43,,,,0.5,,,,
1998-08-17 21:45,,0.5,1.0,0.5,1.0,1.0,1.0,
1998-08-17 21:46,,,,0.5,,,,
1998-08-17 21:48,0.5,,,0.5,,,,
1998-08-17 21:50,,0.5,1.0,0.5,1.0,2.5,1.0,
1998-08-17 21:51,0.5,,,0.5,,,,
1998-08-17 21:53,,,,0.5,,,,
1998-08-17 21:54,,,,0.5,,,,
1998-08-17 21:55,,1.0,0.5,,1.0,1.0,1.5,
1998-08-17 21:56,0.5,,,0.5,,,,
1998-08-17 21:57,0.5,,,0.5,,,,
1998-08-17 21:58,,,,0.5,,,,
1998-08-17 22:00,,1.0,1.0,0.5,0.5,0.5,1.0,
1998-08-17 22:01,0.5,,,0.5,,,,
1998-08-17 22:03,0.5,,,0.5,,,,
1998-08-17 22:04,,,,0.5,,,,
1998-08-17 22:05,,0.5,1.0,0.5,0.5,0.5,,
1998-08-17 22:07,0.5,,,0.5,,,,
1998-08-17 22:08,,,,0.5,,,,
1998-08-17 22:10,,1.0,1.0,0.5,0.5,0.5,0.5,
1998-08-17 22:11,0.5,,,0.5,,,,
1998-08-17 22:12,,,,0.5,,,,
1998-08-17 22:14,,,,0.5,,,,
1998-08-17 22:15,,0.5,0.5,0.5,0.5,0.5,,
1998-08-17 22:17,,,,0.5,,,,
1998-08-17 22:18,,,,0.5,,,,
1998-08-17 22:20,0.5,0.5,0.5,0.5,,,0.5,
1998-08-17 22:21,,,,0.5,,,,
1998-08-17 22:22,,,,0.5,,,,
1998-08-17 22:24,,,,0.5,,,,
1998-08-17 22:25,,,,0.5,,0.5,,
1998-08-17 22:27,,,,0.5,,,,
1998-08-17 22:28,,,,0.5,,,,
1998-08-17 22:30,,,,0.5,,,,
1998-08-17 22:31,,,,0.5,,,,
1998-08-17 22:33,,,,0.5,,,,
1998-08-17 22:34,,,,0.5,,,,
1998-08-17 22:35,,,,0.5,0.5,,0.5,
1998-08-17 22:37,,,,0.5,,,,
1998-08-17 22:38,,,,0.5,,,,
1998-08-17 22:40,,,,0.5,,0.5,,
1998-08-17 22:41,,,,0.5,,,,
1998-08-17 22:42,,,,0.5,,,,
1998-08-17 22:44,,,,0.5,,,,
1998-08-17 22:45,0.5,0.5,,0.5,,,,
1998-08-17 22:47,,,,0.5,,,,
1998-08-17 22:48,,,,0.5,,,,
1998-08-17 22:50,,,,0.5,,0.5,0.5,
1998-08-17 22:51,,,,0.5,,,,
1998-08-17 22:53,,,,0.5,,,,
1998-08-17 22:54,,,,0.5,,,,
1998-08-17 22:55,,,0.5,,,0.5,,
1998-08-17 22:56,,,,0.5,,,,
1998-08-17 22:57,,,,0.5,,,,
1998-08-17 22:59,,,,0.5,,,,
1998-08-17 23:00,,,,0.5,,,0.5,
1998-08-17 23:02,,,,0.5,,,,
1998-08-17 23:03,,,,0.5,,,,
1998-08-17 23:05,,,,0.5,0.5,0.5,,
1998-08-17 23:06,,,,0.5,,,,
1998-08-17 23:08,,,,0.5,,,,
1998-08-17 23:10,,0.5,,0.5,,,,
1998-08-17 23:11,,,,0.5,,,,
1998-08-17 23:13,,,,0.5,,,,
1998-08-17 23:14,,,,0.5,,,,
1998-08-17 23:16,,,,0.5,,,,
1998-08-17 23:17,,,,0.5,,,,
1998-08-17 23:19,,,,0.5,,,,
1998-08-17 23:20,,0.5,,,,,,
1998-08-17 23:21,,,,0.5,,,,
1998-08-17 23:22,,,,0.5,,,,
1998-08-17 23:24,,,,0.5,,,,
1998-08-17 23:25,,,,,,0.5,0.5,
1998-08-17 23:26,,,,0.5,,,,
1998-08-17 23:27,,,,0.5,,,,
1998-08-17 23:29,,,,0.5,,,,
1998-08-17 23:31,,,,0.5,,,,
1998-08-17 23:32,,,,0.5,,,,
1998-08-17 23:34,,,,0.5,,,,
1998-08-17 23:36,,,,0.5,,,,
1998-08-17 23:37,0.5,,,0.5,,,,
1998-08-17 23:39,,,,0.5,,,,
1998-08-17 23:40,,,0.5,,,,,
1998-08-17 23:41,,,,0.5,,,,
1998-08-17 23:43,,,,0.5,,,,
1998-08-17 23:44,,,,0.5,,,,
1998-08-17 23:45,,,,,,0.5,,
1998-08-17 23:46,,,,0.5,,,,
1998-08-17 23:48,,,,0.5,,,,
1998-08-17 23:50,,0.5,,0.5,,0.5,0.5,
1998-08-17 23:52,,,,0.5,,,,
1998-08-17 23:53,,,,0.5,,,,
1998-08-17 23:55,,,,0.5,,,,
1998-08-17 23:57,,,,0.5,,,,
1998-08-17 23:59,,,,0.5,,,,